Admin_Unit_Code,Sub_Unit_Code,Plot_Name,Location_Type,Year,Date,Start_Time,End_Time,Observer,Visit,Interval_Length,ID_Method,Distance,Flyover_Observed,Sex,Common_Name,Scientific_Name,AcceptedTSN,TaxonCode,AOU_Code,PIF_Watchlist_Status,Regional_Stewardship_Status,Temperature,Humidity,Sky,Wind,Disturbance,Previously_Obs,Initial_Three_Min_Cnt
HAFE,NA,HAFE-0184,Grassland,2018,5/31/2018,12/30/1899,12/30/1899,Kimberly Serno,1,5 - 7.5 min,Singing,50 - 100 Meters,FALSE,Male,Song Sparrow,Melospiza melodia,179492,85643,SOSP,FALSE,FALSE,23.89999962,81,Cloudy/Overcast,Light breeze (4-7 mph) wind felt on face,Slight effect on count,FALSE,FALSE
HAFE,NA,HAFE-0184,Grassland,2018,5/31/2018,12/30/1899,12/30/1899,Kimberly Serno,1,5 - 7.5 min,Singing,<= 50 Meters,FALSE,Male,Eastern Wood-Pewee,Contopus virens,178359,85846,EAWP,FALSE,TRUE,23.89999962,81,Cloudy/Overcast,Light breeze (4-7 mph) wind felt on face,Slight effect on count,FALSE,FALSE
HAFE,NA,HAFE-0184,Grassland,2018,5/31/2018,12/30/1899,12/30/1899,Kimberly Serno,1,7.5 - 10 min,Calling,<= 50 Meters,FALSE,Undetermined,Gray Catbird,Dumetella carolinensis,178625,89977,GRCA,FALSE,FALSE,23.89999962,81,Cloudy/Overcast,Light breeze (4-7 mph) wind felt on face,Slight effect on count,FALSE,FALSE
HAFE,NA,HAFE-0184,Grassland,2018,5/31/2018,12/30/1899,12/30/1899,Kimberly Serno,1,0-2.5 min,Singing,<= 50 Meters,FALSE,Male,Song Sparrow,Melospiza melodia,179492,85643,SOSP,FALSE,FALSE,23.89999962,81,Cloudy/Overcast,Light breeze (4-7 mph) wind felt on face,Slight effect on count,FALSE,TRUE
HAFE,NA,HAFE-0184,Grassland,2018,5/31/2018,12/30/1899,12/30/1899,Kimberly Serno,1,5 - 7.5 min,Singing,50 - 100 Meters,FALSE,Male,Brown Thrasher,Toxostoma rufum,178627,89979,BRTH,FALSE,TRUE,23.89999962,81,Cloudy/Overcast,Light breeze (4-7 mph) wind felt on face,Slight effect on count,FALSE,FALSE
HAFE,NA,HAFE-0184,Grassland,2018,5/31/2018,12/30/1899,12/30/1899,Kimberly Serno,1,2.5 - 5 min,Calling,50 - 100 Meters,FALSE,Undetermined,Blue Jay,Cyanocitta cristata,179680,86252,BLJA,FALSE,FALSE,23.89999962,81,Cloudy/Overcast,Light breeze (4-7 mph) wind felt on face,Slight effect on count,FALSE,FALSE
HAFE,NA,HAFE-0184,Grassland,2018,5/31/2018,12/30/1899,12/30/1899,Kimberly Serno,1,2.5 - 5 min,Calling,<= 50 Meters,FALSE,Undetermined,Blue Jay,Cyanocitta cristata,179680,86252,BLJA,FALSE,FALSE,23.89999962,81,Cloudy/Overcast,Light breeze (4-7 mph) wind felt on face,Slight effect on count,FALSE,FALSE
HAFE,NA,HAFE-0184,Grassland,2018,5/31/2018,12/30/1899,12/30/1899,Kimberly Serno,1,0-2.5 min,Singing,<= 50 Meters,FALSE,Male,Indigo Bunting,Passerina cyanea,179150,94257,INBU,FALSE,TRUE,23.89999962,81,Cloudy/Overcast,Light breeze (4-7 mph) wind felt on face,Slight effect on count,FALSE,TRUE
HAFE,NA,HAFE-0184,Grassland,2018,5/31/2018,12/30/1899,12/30/1899,Kimberly Serno,1,0-2.5 min,Singing,<= 50 Meters,FALSE,Undetermined,Northern Mockingbird,Mimus polyglottos,178620,88394,NOMO,FALSE,FALSE,23.89999962,81,Cloudy/Overcast,Light breeze (4-7 mph) wind felt on face,Slight effect on count,FALSE,TRUE
HAFE,NA,HAFE-0184,Grassland,2018,5/31/2018,12/30/1899,12/30/1899,Kimberly Serno,1,0-2.5 min,Singing,<= 50 Meters,FALSE,Male,American Robin,Turdus migratorius,179759,87136,AMRO,FALSE,FALSE,23.89999962,81,Cloudy/Overcast,Light breeze (4-7 mph) wind felt on face,Slight effect on count,FALSE,TRUE
HAFE,NA,HAFE-0184,Grassland,2018,5/31/2018,12/30/1899,12/30/1899,Kimberly Serno,1,0-2.5 min,Calling,<= 50 Meters,FALSE,Undetermined,Brown-headed Cowbird,Molothrus ater,179112,94215,BHCO,FALSE,FALSE,23.89999962,81,Cloudy/Overcast,Light breeze (4-7 mph) wind felt on face,Slight effect on count,FALSE,TRUE
HAFE,NA,HAFE-0184,Grassland,2018,5/31/2018,12/30/1899,12/30/1899,Kimberly Serno,1,0-2.5 min,Singing,<= 50 Meters,FALSE,Undetermined,Northern Cardinal,Cardinalis cardinalis,179124,94228,NOCA,FALSE,FALSE,23.89999962,81,Cloudy/Overcast,Light breeze (4-7 mph) wind felt on face,Slight effect on count,FALSE,TRUE
HAFE,NA,HAFE-0184,Grassland,2018,5/31/2018,12/30/1899,12/30/1899,Kimberly Serno,1,2.5 - 5 min,Calling,<= 50 Meters,FALSE,Undetermined,Cedar Waxwing,Bombycilla cedrorum,178532,88296,CEDW,FALSE,FALSE,23.89999962,81,Cloudy/Overcast,Light breeze (4-7 mph) wind felt on face,Slight effect on count,FALSE,FALSE
HAFE,NA,HAFE-0184,Grassland,2018,5/31/2018,12/30/1899,12/30/1899,Kimberly Serno,1,2.5 - 5 min,Singing,<= 50 Meters,FALSE,Male,Brown-headed Cowbird,Molothrus ater,179112,94215,BHCO,FALSE,FALSE,23.89999962,81,Cloudy/Overcast,Light breeze (4-7 mph) wind felt on face,Slight effect on count,FALSE,FALSE
HAFE,NA,HAFE-0184,Grassland,2018,5/31/2018,12/30/1899,12/30/1899,Kimberly Serno,1,0-2.5 min,Singing,50 - 100 Meters,FALSE,Male,Field Sparrow,Spizella pusilla,179443,84790,FISP,FALSE,TRUE,23.89999962,81,Cloudy/Overcast,Light breeze (4-7 mph) wind felt on face,Slight effect on count,FALSE,TRUE
HAFE,NA,HAFE-0124,Grassland,2018,5/31/2018,12/30/1899,12/30/1899,Kimberly Serno,1,0-2.5 min,Singing,50 - 100 Meters,FALSE,Undetermined,Carolina Wren,Thryothorus ludovicianus,178581,88350,CARW,FALSE,FALSE,22.29999924,85.19999695,Cloudy/Overcast,Light breeze (4-7 mph) wind felt on face,Slight effect on count,FALSE,TRUE
HAFE,NA,HAFE-0124,Grassland,2018,5/31/2018,12/30/1899,12/30/1899,Kimberly Serno,1,7.5 - 10 min,Singing,<= 50 Meters,FALSE,Male,Field Sparrow,Spizella pusilla,179443,84790,FISP,FALSE,TRUE,22.29999924,85.19999695,Cloudy/Overcast,Light breeze (4-7 mph) wind felt on face,Slight effect on count,FALSE,FALSE
HAFE,NA,HAFE-0124,Grassland,2018,5/31/2018,12/30/1899,12/30/1899,Kimberly Serno,1,2.5 - 5 min,Singing,<= 50 Meters,FALSE,Undetermined,Cedar Waxwing,Bombycilla cedrorum,178532,88296,CEDW,FALSE,FALSE,22.29999924,85.19999695,Cloudy/Overcast,Light breeze (4-7 mph) wind felt on face,Slight effect on count,FALSE,FALSE
HAFE,NA,HAFE-0124,Grassland,2018,5/31/2018,12/30/1899,12/30/1899,Kimberly Serno,1,5 - 7.5 min,Singing,<= 50 Meters,FALSE,Male,Red-winged Blackbird,Agelaius phoeniceus,179045,93613,RWBL,FALSE,FALSE,22.29999924,85.19999695,Cloudy/Overcast,Light breeze (4-7 mph) wind felt on face,Slight effect on count,FALSE,FALSE
HAFE,NA,HAFE-0124,Grassland,2018,5/31/2018,12/30/1899,12/30/1899,Kimberly Serno,1,0-2.5 min,Calling,<= 50 Meters,FALSE,Undetermined,Brown-headed Cowbird,Molothrus ater,179112,94215,BHCO,FALSE,FALSE,22.29999924,85.19999695,Cloudy/Overcast,Light breeze (4-7 mph) wind felt on face,Slight effect on count,FALSE,TRUE
HAFE,NA,HAFE-0124,Grassland,2018,5/31/2018,12/30/1899,12/30/1899,Kimberly Serno,1,0-2.5 min,Calling,<= 50 Meters,FALSE,Undetermined,American Robin,Turdus migratorius,179759,87136,AMRO,FALSE,FALSE,22.29999924,85.19999695,Cloudy/Overcast,Light breeze (4-7 mph) wind felt on face,Slight effect on count,FALSE,TRUE
HAFE,NA,HAFE-0124,Grassland,2018,5/31/2018,12/30/1899,12/30/1899,Kimberly Serno,1,0-2.5 min,Singing,50 - 100 Meters,FALSE,Male,Eastern Meadowlark,Sturnella magna,179034,93601,EAME,FALSE,FALSE,22.29999924,85.19999695,Cloudy/Overcast,Light breeze (4-7 mph) wind felt on face,Slight effect on count,FALSE,TRUE
HAFE,NA,HAFE-0124,Grassland,2018,5/31/2018,12/30/1899,12/30/1899,Kimberly Serno,1,2.5 - 5 min,Singing,50 - 100 Meters,FALSE,Male,Red-winged Blackbird,Agelaius phoeniceus,179045,93613,RWBL,FALSE,FALSE,22.29999924,85.19999695,Cloudy/Overcast,Light breeze (4-7 mph) wind felt on face,Slight effect on count,FALSE,FALSE
HAFE,NA,HAFE-0124,Grassland,2018,5/31/2018,12/30/1899,12/30/1899,Kimberly Serno,1,2.5 - 5 min,Singing,<= 50 Meters,FALSE,Undetermined,American Goldfinch,Carduelis tristis,179236,95286,AMGO,FALSE,FALSE,22.29999924,85.19999695,Cloudy/Overcast,Light breeze (4-7 mph) wind felt on face,Slight effect on count,FALSE,FALSE
HAFE,NA,HAFE-0124,Grassland,2018,5/31/2018,12/30/1899,12/30/1899,Kimberly Serno,1,2.5 - 5 min,Calling,<= 50 Meters,FALSE,Undetermined,Cedar Waxwing,Bombycilla cedrorum,178532,88296,CEDW,FALSE,FALSE,22.29999924,85.19999695,Cloudy/Overcast,Light breeze (4-7 mph) wind felt on face,Slight effect on count,FALSE,FALSE
HAFE,NA,HAFE-0124,Grassland,2018,5/31/2018,12/30/1899,12/30/1899,Kimberly Serno,1,0-2.5 min,Singing,<= 50 Meters,FALSE,Male,Grasshopper Sparrow,Ammodramus savannarum,179333,83867,GRSP,FALSE,FALSE,22.29999924,85.19999695,Cloudy/Overcast,Light breeze (4-7 mph) wind felt on face,Slight effect on count,FALSE,TRUE
HAFE,NA,HAFE-0067,Grassland,2018,5/31/2018,12/30/1899,12/30/1899,Elizabeth Oswald,1,0-2.5 min,Singing,50 - 100 Meters,FALSE,Male,Red-winged Blackbird,Agelaius phoeniceus,179045,93613,RWBL,FALSE,FALSE,22.60000038,77.80000305,Cloudy/Overcast,Light breeze (4-7 mph) wind felt on face,No effect on count,FALSE,TRUE
HAFE,NA,HAFE-0067,Grassland,2018,5/31/2018,12/30/1899,12/30/1899,Elizabeth Oswald,1,7.5 - 10 min,Visualization,<= 50 Meters,FALSE,Undetermined,Brown-headed Cowbird,Molothrus ater,179112,94215,BHCO,FALSE,FALSE,22.60000038,77.80000305,Cloudy/Overcast,Light breeze (4-7 mph) wind felt on face,No effect on count,FALSE,FALSE
HAFE,NA,HAFE-0067,Grassland,2018,5/31/2018,12/30/1899,12/30/1899,Elizabeth Oswald,1,0-2.5 min,Singing,50 - 100 Meters,FALSE,Undetermined,House Wren,Troglodytes aedon,178541,88306,HOWR,FALSE,FALSE,22.60000038,77.80000305,Cloudy/Overcast,Light breeze (4-7 mph) wind felt on face,No effect on count,FALSE,TRUE
HAFE,NA,HAFE-0067,Grassland,2018,5/31/2018,12/30/1899,12/30/1899,Elizabeth Oswald,1,0-2.5 min,Singing,50 - 100 Meters,FALSE,Male,Grasshopper Sparrow,Ammodramus savannarum,179333,83867,GRSP,FALSE,FALSE,22.60000038,77.80000305,Cloudy/Overcast,Light breeze (4-7 mph) wind felt on face,No effect on count,FALSE,TRUE
HAFE,NA,HAFE-0067,Grassland,2018,5/31/2018,12/30/1899,12/30/1899,Elizabeth Oswald,1,0-2.5 min,Singing,50 - 100 Meters,FALSE,Undetermined,Northern Mockingbird,Mimus polyglottos,178620,88394,NOMO,FALSE,FALSE,22.60000038,77.80000305,Cloudy/Overcast,Light breeze (4-7 mph) wind felt on face,No effect on count,FALSE,TRUE
HAFE,NA,HAFE-0067,Grassland,2018,5/31/2018,12/30/1899,12/30/1899,Elizabeth Oswald,1,0-2.5 min,Singing,50 - 100 Meters,FALSE,Undetermined,Baltimore Oriole,Icterus galbula,179083,93655,BAOR,FALSE,FALSE,22.60000038,77.80000305,Cloudy/Overcast,Light breeze (4-7 mph) wind felt on face,No effect on count,FALSE,TRUE
HAFE,NA,HAFE-0067,Grassland,2018,5/31/2018,12/30/1899,12/30/1899,Elizabeth Oswald,1,7.5 - 10 min,Visualization,<= 50 Meters,FALSE,Undetermined,Brown-headed Cowbird,Molothrus ater,179112,94215,BHCO,FALSE,FALSE,22.60000038,77.80000305,Cloudy/Overcast,Light breeze (4-7 mph) wind felt on face,No effect on count,FALSE,FALSE
HAFE,NA,HAFE-0067,Grassland,2018,5/31/2018,12/30/1899,12/30/1899,Elizabeth Oswald,1,0-2.5 min,Singing,50 - 100 Meters,FALSE,Undetermined,Northern Cardinal,Cardinalis cardinalis,179124,94228,NOCA,FALSE,FALSE,22.60000038,77.80000305,Cloudy/Overcast,Light breeze (4-7 mph) wind felt on face,No effect on count,FALSE,TRUE
HAFE,NA,HAFE-0067,Grassland,2018,5/31/2018,12/30/1899,12/30/1899,Elizabeth Oswald,1,7.5 - 10 min,Singing,50 - 100 Meters,FALSE,Male,Red-winged Blackbird,Agelaius phoeniceus,179045,93613,RWBL,FALSE,FALSE,22.60000038,77.80000305,Cloudy/Overcast,Light breeze (4-7 mph) wind felt on face,No effect on count,FALSE,FALSE
HAFE,NA,HAFE-0067,Grassland,2018,5/31/2018,12/30/1899,12/30/1899,Elizabeth Oswald,1,0-2.5 min,Singing,50 - 100 Meters,FALSE,Undetermined,Scarlet Tanager,Piranga olivacea,179883,88071,SCTA,FALSE,TRUE,22.60000038,77.80000305,Cloudy/Overcast,Light breeze (4-7 mph) wind felt on face,No effect on count,FALSE,TRUE
HAFE,NA,HAFE-0067,Grassland,2018,5/31/2018,12/30/1899,12/30/1899,Elizabeth Oswald,1,0-2.5 min,Calling,50 - 100 Meters,FALSE,Undetermined,Blue-gray Gnatcatcher,Polioptila caerulea,179853,88038,BGGN,FALSE,FALSE,22.60000038,77.80000305,Cloudy/Overcast,Light breeze (4-7 mph) wind felt on face,No effect on count,FALSE,TRUE
HAFE,NA,HAFE-0067,Grassland,2018,5/31/2018,12/30/1899,12/30/1899,Elizabeth Oswald,1,5 - 7.5 min,Singing,50 - 100 Meters,FALSE,Male,Eastern Towhee,Pipilo erythrophthalmus,179276,83803,EATO,FALSE,TRUE,22.60000038,77.80000305,Cloudy/Overcast,Light breeze (4-7 mph) wind felt on face,No effect on count,FALSE,FALSE
HAFE,NA,HAFE-0067,Grassland,2018,5/31/2018,12/30/1899,12/30/1899,Elizabeth Oswald,1,7.5 - 10 min,Singing,50 - 100 Meters,FALSE,Undetermined,House Wren,Troglodytes aedon,178541,88306,HOWR,FALSE,FALSE,22.60000038,77.80000305,Cloudy/Overcast,Light breeze (4-7 mph) wind felt on face,No effect on count,FALSE,FALSE
HAFE,NA,HAFE-0067,Grassland,2018,5/31/2018,12/30/1899,12/30/1899,Elizabeth Oswald,1,0-2.5 min,Singing,50 - 100 Meters,FALSE,Male,Chipping Sparrow,Spizella passerina,179435,84781,CHSP,FALSE,FALSE,22.60000038,77.80000305,Cloudy/Overcast,Light breeze (4-7 mph) wind felt on face,No effect on count,FALSE,TRUE
HAFE,NA,HAFE-0067,Grassland,2018,5/31/2018,12/30/1899,12/30/1899,Elizabeth Oswald,1,5 - 7.5 min,Singing,50 - 100 Meters,FALSE,Undetermined,Northern Cardinal,Cardinalis cardinalis,179124,94228,NOCA,FALSE,FALSE,22.60000038,77.80000305,Cloudy/Overcast,Light breeze (4-7 mph) wind felt on face,No effect on count,FALSE,FALSE
HAFE,NA,HAFE-0067,Grassland,2018,5/31/2018,12/30/1899,12/30/1899,Elizabeth Oswald,1,0-2.5 min,Singing,50 - 100 Meters,FALSE,Male,Carolina Chickadee,Poecile carolinensis,554383,265876,CACH,FALSE,TRUE,22.60000038,77.80000305,Cloudy/Overcast,Light breeze (4-7 mph) wind felt on face,No effect on count,FALSE,TRUE
HAFE,NA,HAFE-0067,Grassland,2018,5/31/2018,12/30/1899,12/30/1899,Elizabeth Oswald,1,5 - 7.5 min,Singing,50 - 100 Meters,FALSE,Male,Field Sparrow,Spizella pusilla,179443,84790,FISP,FALSE,TRUE,22.60000038,77.80000305,Cloudy/Overcast,Light breeze (4-7 mph) wind felt on face,No effect on count,FALSE,FALSE
HAFE,NA,HAFE-0067,Grassland,2018,5/31/2018,12/30/1899,12/30/1899,Elizabeth Oswald,1,2.5 - 5 min,Calling,50 - 100 Meters,FALSE,Undetermined,Great Crested Flycatcher,Myiarchus crinitus,178309,85791,GCFL,FALSE,FALSE,22.60000038,77.80000305,Cloudy/Overcast,Light breeze (4-7 mph) wind felt on face,No effect on count,FALSE,FALSE
HAFE,NA,HAFE-0067,Grassland,2018,5/31/2018,12/30/1899,12/30/1899,Elizabeth Oswald,1,2.5 - 5 min,Calling,50 - 100 Meters,FALSE,Undetermined,Gray Catbird,Dumetella carolinensis,178625,89977,GRCA,FALSE,FALSE,22.60000038,77.80000305,Cloudy/Overcast,Light breeze (4-7 mph) wind felt on face,No effect on count,FALSE,FALSE
HAFE,NA,HAFE-0067,Grassland,2018,5/31/2018,12/30/1899,12/30/1899,Elizabeth Oswald,1,2.5 - 5 min,Singing,50 - 100 Meters,FALSE,Undetermined,Carolina Wren,Thryothorus ludovicianus,178581,88350,CARW,FALSE,FALSE,22.60000038,77.80000305,Cloudy/Overcast,Light breeze (4-7 mph) wind felt on face,No effect on count,FALSE,FALSE
HAFE,NA,HAFE-0067,Grassland,2018,5/31/2018,12/30/1899,12/30/1899,Elizabeth Oswald,1,2.5 - 5 min,Calling,50 - 100 Meters,FALSE,Undetermined,American Crow,Corvus brachyrhynchos,179731,87106,AMCR,FALSE,FALSE,22.60000038,77.80000305,Cloudy/Overcast,Light breeze (4-7 mph) wind felt on face,No effect on count,FALSE,FALSE
HAFE,NA,HAFE-0067,Grassland,2018,5/31/2018,12/30/1899,12/30/1899,Elizabeth Oswald,1,2.5 - 5 min,Singing,50 - 100 Meters,FALSE,Male,Indigo Bunting,Passerina cyanea,179150,94257,INBU,FALSE,TRUE,22.60000038,77.80000305,Cloudy/Overcast,Light breeze (4-7 mph) wind felt on face,No effect on count,FALSE,TRUE
HAFE,NA,HAFE-0067,Grassland,2018,7/6/2018,12/30/1899,12/30/1899,Kimberly Serno,2,0-2.5 min,Singing,50 - 100 Meters,FALSE,Male,Indigo Bunting,Passerina cyanea,179150,94257,INBU,FALSE,TRUE,26.39999962,83,Cloudy/Overcast,Light air movement (1-3 mph) smoke drifts,Slight effect on count,FALSE,TRUE
HAFE,NA,HAFE-0067,Grassland,2018,7/6/2018,12/30/1899,12/30/1899,Kimberly Serno,2,5 - 7.5 min,Visualization,,TRUE,Undetermined,American Goldfinch,Carduelis tristis,179236,95286,AMGO,FALSE,FALSE,26.39999962,83,Cloudy/Overcast,Light air movement (1-3 mph) smoke drifts,Slight effect on count,FALSE,FALSE
HAFE,NA,HAFE-0067,Grassland,2018,7/6/2018,12/30/1899,12/30/1899,Kimberly Serno,2,5 - 7.5 min,Visualization,,TRUE,Undetermined,American Goldfinch,Carduelis tristis,179236,95286,AMGO,FALSE,FALSE,26.39999962,83,Cloudy/Overcast,Light air movement (1-3 mph) smoke drifts,Slight effect on count,FALSE,FALSE
HAFE,NA,HAFE-0067,Grassland,2018,7/6/2018,12/30/1899,12/30/1899,Kimberly Serno,2,7.5 - 10 min,Visualization,<= 50 Meters,FALSE,Undetermined,Grasshopper Sparrow,Ammodramus savannarum,179333,83867,GRSP,FALSE,FALSE,26.39999962,83,Cloudy/Overcast,Light air movement (1-3 mph) smoke drifts,Slight effect on count,FALSE,FALSE
HAFE,NA,HAFE-0067,Grassland,2018,7/6/2018,12/30/1899,12/30/1899,Kimberly Serno,2,7.5 - 10 min,Visualization,,TRUE,Undetermined,American Robin,Turdus migratorius,179759,87136,AMRO,FALSE,FALSE,26.39999962,83,Cloudy/Overcast,Light air movement (1-3 mph) smoke drifts,Slight effect on count,FALSE,FALSE
HAFE,NA,HAFE-0067,Grassland,2018,7/6/2018,12/30/1899,12/30/1899,Kimberly Serno,2,7.5 - 10 min,Visualization,,TRUE,Undetermined,American Robin,Turdus migratorius,179759,87136,AMRO,FALSE,FALSE,26.39999962,83,Cloudy/Overcast,Light air movement (1-3 mph) smoke drifts,Slight effect on count,FALSE,FALSE
HAFE,NA,HAFE-0067,Grassland,2018,7/6/2018,12/30/1899,12/30/1899,Kimberly Serno,2,5 - 7.5 min,Singing,50 - 100 Meters,FALSE,Undetermined,Eastern Bluebird,Sialia sialis,179801,87184,EABL,FALSE,FALSE,26.39999962,83,Cloudy/Overcast,Light air movement (1-3 mph) smoke drifts,Slight effect on count,FALSE,FALSE
HAFE,NA,HAFE-0067,Grassland,2018,7/6/2018,12/30/1899,12/30/1899,Kimberly Serno,2,2.5 - 5 min,Singing,50 - 100 Meters,FALSE,Male,Red-winged Blackbird,Agelaius phoeniceus,179045,93613,RWBL,FALSE,FALSE,26.39999962,83,Cloudy/Overcast,Light air movement (1-3 mph) smoke drifts,Slight effect on count,FALSE,FALSE
HAFE,NA,HAFE-0067,Grassland,2018,7/6/2018,12/30/1899,12/30/1899,Kimberly Serno,2,2.5 - 5 min,Visualization,,TRUE,Undetermined,American Goldfinch,Carduelis tristis,179236,95286,AMGO,FALSE,FALSE,26.39999962,83,Cloudy/Overcast,Light air movement (1-3 mph) smoke drifts,Slight effect on count,FALSE,TRUE
HAFE,NA,HAFE-0067,Grassland,2018,7/6/2018,12/30/1899,12/30/1899,Kimberly Serno,2,0-2.5 min,Calling,<= 50 Meters,FALSE,Undetermined,Hairy Woodpecker,Picoides villosus,178262,85739,HAWO,FALSE,FALSE,26.39999962,83,Cloudy/Overcast,Light air movement (1-3 mph) smoke drifts,Slight effect on count,FALSE,TRUE
HAFE,NA,HAFE-0067,Grassland,2018,7/6/2018,12/30/1899,12/30/1899,Kimberly Serno,2,0-2.5 min,Singing,<= 50 Meters,FALSE,Male,Grasshopper Sparrow,Ammodramus savannarum,179333,83867,GRSP,FALSE,FALSE,26.39999962,83,Cloudy/Overcast,Light air movement (1-3 mph) smoke drifts,Slight effect on count,FALSE,TRUE
HAFE,NA,HAFE-0067,Grassland,2018,7/6/2018,12/30/1899,12/30/1899,Kimberly Serno,2,0-2.5 min,Singing,<= 50 Meters,FALSE,Male,Song Sparrow,Melospiza melodia,179492,85643,SOSP,FALSE,FALSE,26.39999962,83,Cloudy/Overcast,Light air movement (1-3 mph) smoke drifts,Slight effect on count,FALSE,TRUE
HAFE,NA,HAFE-0067,Grassland,2018,7/6/2018,12/30/1899,12/30/1899,Kimberly Serno,2,0-2.5 min,Singing,50 - 100 Meters,FALSE,Male,Song Sparrow,Melospiza melodia,179492,85643,SOSP,FALSE,FALSE,26.39999962,83,Cloudy/Overcast,Light air movement (1-3 mph) smoke drifts,Slight effect on count,FALSE,TRUE
HAFE,NA,HAFE-0067,Grassland,2018,7/6/2018,12/30/1899,12/30/1899,Kimberly Serno,2,0-2.5 min,Singing,50 - 100 Meters,FALSE,Male,Red-winged Blackbird,Agelaius phoeniceus,179045,93613,RWBL,FALSE,FALSE,26.39999962,83,Cloudy/Overcast,Light air movement (1-3 mph) smoke drifts,Slight effect on count,FALSE,TRUE
HAFE,NA,HAFE-0067,Grassland,2018,7/6/2018,12/30/1899,12/30/1899,Kimberly Serno,2,0-2.5 min,Singing,<= 50 Meters,FALSE,Male,Field Sparrow,Spizella pusilla,179443,84790,FISP,FALSE,TRUE,26.39999962,83,Cloudy/Overcast,Light air movement (1-3 mph) smoke drifts,Slight effect on count,FALSE,TRUE
HAFE,NA,HAFE-0067,Grassland,2018,7/6/2018,12/30/1899,12/30/1899,Kimberly Serno,2,2.5 - 5 min,Singing,50 - 100 Meters,FALSE,Male,Song Sparrow,Melospiza melodia,179492,85643,SOSP,FALSE,FALSE,26.39999962,83,Cloudy/Overcast,Light air movement (1-3 mph) smoke drifts,Slight effect on count,FALSE,FALSE
HAFE,NA,HAFE-0067,Grassland,2018,7/6/2018,12/30/1899,12/30/1899,Kimberly Serno,2,0-2.5 min,Singing,50 - 100 Meters,FALSE,Undetermined,Northern Cardinal,Cardinalis cardinalis,179124,94228,NOCA,FALSE,FALSE,26.39999962,83,Cloudy/Overcast,Light air movement (1-3 mph) smoke drifts,Slight effect on count,FALSE,TRUE
HAFE,NA,HAFE-0067,Grassland,2018,7/6/2018,12/30/1899,12/30/1899,Kimberly Serno,2,0-2.5 min,Singing,<= 50 Meters,FALSE,Undetermined,Carolina Wren,Thryothorus ludovicianus,178581,88350,CARW,FALSE,FALSE,26.39999962,83,Cloudy/Overcast,Light air movement (1-3 mph) smoke drifts,Slight effect on count,FALSE,TRUE
HAFE,NA,HAFE-0067,Grassland,2018,7/6/2018,12/30/1899,12/30/1899,Kimberly Serno,2,0-2.5 min,Singing,<= 50 Meters,FALSE,Male,Grasshopper Sparrow,Ammodramus savannarum,179333,83867,GRSP,FALSE,FALSE,26.39999962,83,Cloudy/Overcast,Light air movement (1-3 mph) smoke drifts,Slight effect on count,FALSE,TRUE
HAFE,NA,HAFE-0067,Grassland,2018,7/6/2018,12/30/1899,12/30/1899,Kimberly Serno,2,0-2.5 min,Singing,50 - 100 Meters,FALSE,Undetermined,House Wren,Troglodytes aedon,178541,88306,HOWR,FALSE,FALSE,26.39999962,83,Cloudy/Overcast,Light air movement (1-3 mph) smoke drifts,Slight effect on count,FALSE,TRUE
HAFE,NA,HAFE-0067,Grassland,2018,7/6/2018,12/30/1899,12/30/1899,Kimberly Serno,2,0-2.5 min,Singing,50 - 100 Meters,FALSE,Male,Field Sparrow,Spizella pusilla,179443,84790,FISP,FALSE,TRUE,26.39999962,83,Cloudy/Overcast,Light air movement (1-3 mph) smoke drifts,Slight effect on count,FALSE,TRUE
HAFE,NA,HAFE-0124,Grassland,2018,7/6/2018,12/30/1899,12/30/1899,Brian Swimelar,2,0-2.5 min,Visualization,<= 50 Meters,FALSE,Undetermined,Field Sparrow,Spizella pusilla,179443,84790,FISP,FALSE,TRUE,28.79999924,67.90000153,Cloudy/Overcast,Light breeze (4-7 mph) wind felt on face,Serious effect on count,FALSE,TRUE
HAFE,NA,HAFE-0124,Grassland,2018,7/6/2018,12/30/1899,12/30/1899,Brian Swimelar,2,0-2.5 min,Singing,50 - 100 Meters,FALSE,Male,Grasshopper Sparrow,Ammodramus savannarum,179333,83867,GRSP,FALSE,FALSE,28.79999924,67.90000153,Cloudy/Overcast,Light breeze (4-7 mph) wind felt on face,Serious effect on count,FALSE,TRUE
HAFE,NA,HAFE-0124,Grassland,2018,7/6/2018,12/30/1899,12/30/1899,Brian Swimelar,2,2.5 - 5 min,Singing,<= 50 Meters,FALSE,Male,Gray Catbird,Dumetella carolinensis,178625,89977,GRCA,FALSE,FALSE,28.79999924,67.90000153,Cloudy/Overcast,Light breeze (4-7 mph) wind felt on face,Serious effect on count,FALSE,FALSE
HAFE,NA,HAFE-0124,Grassland,2018,7/6/2018,12/30/1899,12/30/1899,Brian Swimelar,2,0-2.5 min,Singing,<= 50 Meters,FALSE,Male,Grasshopper Sparrow,Ammodramus savannarum,179333,83867,GRSP,FALSE,FALSE,28.79999924,67.90000153,Cloudy/Overcast,Light breeze (4-7 mph) wind felt on face,Serious effect on count,FALSE,TRUE
HAFE,NA,HAFE-0184,Grassland,2018,7/6/2018,12/30/1899,12/30/1899,Brian Swimelar,2,7.5 - 10 min,Visualization,,TRUE,Male,Red-winged Blackbird,Agelaius phoeniceus,179045,93613,RWBL,FALSE,FALSE,26.39999962,84.40000153,Cloudy/Overcast,Light air movement (1-3 mph) smoke drifts,Slight effect on count,FALSE,FALSE
HAFE,NA,HAFE-0184,Grassland,2018,7/6/2018,12/30/1899,12/30/1899,Brian Swimelar,2,0-2.5 min,Singing,50 - 100 Meters,FALSE,Undetermined,Carolina Wren,Thryothorus ludovicianus,178581,88350,CARW,FALSE,FALSE,26.39999962,84.40000153,Cloudy/Overcast,Light air movement (1-3 mph) smoke drifts,Slight effect on count,FALSE,TRUE
HAFE,NA,HAFE-0184,Grassland,2018,7/6/2018,12/30/1899,12/30/1899,Brian Swimelar,2,0-2.5 min,Singing,50 - 100 Meters,FALSE,Male,Red-winged Blackbird,Agelaius phoeniceus,179045,93613,RWBL,FALSE,FALSE,26.39999962,84.40000153,Cloudy/Overcast,Light air movement (1-3 mph) smoke drifts,Slight effect on count,FALSE,TRUE
HAFE,NA,HAFE-0184,Grassland,2018,7/6/2018,12/30/1899,12/30/1899,Brian Swimelar,2,0-2.5 min,Singing,50 - 100 Meters,FALSE,Male,Chipping Sparrow,Spizella passerina,179435,84781,CHSP,FALSE,FALSE,26.39999962,84.40000153,Cloudy/Overcast,Light air movement (1-3 mph) smoke drifts,Slight effect on count,FALSE,TRUE
HAFE,NA,HAFE-0184,Grassland,2018,7/6/2018,12/30/1899,12/30/1899,Brian Swimelar,2,0-2.5 min,Singing,<= 50 Meters,FALSE,Undetermined,Northern Cardinal,Cardinalis cardinalis,179124,94228,NOCA,FALSE,FALSE,26.39999962,84.40000153,Cloudy/Overcast,Light air movement (1-3 mph) smoke drifts,Slight effect on count,FALSE,TRUE
HAFE,NA,HAFE-0184,Grassland,2018,7/6/2018,12/30/1899,12/30/1899,Brian Swimelar,2,7.5 - 10 min,Visualization,,TRUE,Male,Red-winged Blackbird,Agelaius phoeniceus,179045,93613,RWBL,FALSE,FALSE,26.39999962,84.40000153,Cloudy/Overcast,Light air movement (1-3 mph) smoke drifts,Slight effect on count,FALSE,FALSE
HAFE,NA,HAFE-0184,Grassland,2018,7/6/2018,12/30/1899,12/30/1899,Brian Swimelar,2,5 - 7.5 min,Singing,50 - 100 Meters,FALSE,Undetermined,Northern Mockingbird,Mimus polyglottos,178620,88394,NOMO,FALSE,FALSE,26.39999962,84.40000153,Cloudy/Overcast,Light air movement (1-3 mph) smoke drifts,Slight effect on count,FALSE,FALSE
HAFE,NA,HAFE-0184,Grassland,2018,7/6/2018,12/30/1899,12/30/1899,Brian Swimelar,2,5 - 7.5 min,Visualization,,TRUE,Undetermined,Blue Jay,Cyanocitta cristata,179680,86252,BLJA,FALSE,FALSE,26.39999962,84.40000153,Cloudy/Overcast,Light air movement (1-3 mph) smoke drifts,Slight effect on count,FALSE,FALSE
HAFE,NA,HAFE-0184,Grassland,2018,7/6/2018,12/30/1899,12/30/1899,Brian Swimelar,2,2.5 - 5 min,Singing,50 - 100 Meters,FALSE,Male,Red-winged Blackbird,Agelaius phoeniceus,179045,93613,RWBL,FALSE,FALSE,26.39999962,84.40000153,Cloudy/Overcast,Light air movement (1-3 mph) smoke drifts,Slight effect on count,FALSE,FALSE
HAFE,NA,HAFE-0184,Grassland,2018,7/6/2018,12/30/1899,12/30/1899,Brian Swimelar,2,2.5 - 5 min,Singing,50 - 100 Meters,FALSE,Male,Chipping Sparrow,Spizella passerina,179435,84781,CHSP,FALSE,FALSE,26.39999962,84.40000153,Cloudy/Overcast,Light air movement (1-3 mph) smoke drifts,Slight effect on count,FALSE,FALSE
HAFE,NA,HAFE-0184,Grassland,2018,7/6/2018,12/30/1899,12/30/1899,Brian Swimelar,2,2.5 - 5 min,Visualization,<= 50 Meters,FALSE,Male,Northern Cardinal,Cardinalis cardinalis,179124,94228,NOCA,FALSE,FALSE,26.39999962,84.40000153,Cloudy/Overcast,Light air movement (1-3 mph) smoke drifts,Slight effect on count,FALSE,FALSE
HAFE,NA,HAFE-0184,Grassland,2018,7/6/2018,12/30/1899,12/30/1899,Brian Swimelar,2,0-2.5 min,Singing,50 - 100 Meters,FALSE,Male,Indigo Bunting,Passerina cyanea,179150,94257,INBU,FALSE,TRUE,26.39999962,84.40000153,Cloudy/Overcast,Light air movement (1-3 mph) smoke drifts,Slight effect on count,FALSE,TRUE
HAFE,NA,HAFE-0184,Grassland,2018,7/6/2018,12/30/1899,12/30/1899,Brian Swimelar,2,0-2.5 min,Singing,50 - 100 Meters,FALSE,Undetermined,Mourning Dove,Zenaida macroura,177125,82737,MODO,FALSE,FALSE,26.39999962,84.40000153,Cloudy/Overcast,Light air movement (1-3 mph) smoke drifts,Slight effect on count,FALSE,TRUE
HAFE,NA,HAFE-0184,Grassland,2018,7/6/2018,12/30/1899,12/30/1899,Brian Swimelar,2,7.5 - 10 min,Visualization,,TRUE,Male,Red-winged Blackbird,Agelaius phoeniceus,179045,93613,RWBL,FALSE,FALSE,26.39999962,84.40000153,Cloudy/Overcast,Light air movement (1-3 mph) smoke drifts,Slight effect on count,FALSE,FALSE
HAFE,NA,HAFE-0184,Grassland,2018,7/18/2018,12/30/1899,12/30/1899,Elizabeth Oswald,3,0-2.5 min,Calling,<= 50 Meters,FALSE,Undetermined,American Goldfinch,Carduelis tristis,179236,95286,AMGO,FALSE,FALSE,19.79999924,81.59999847,Clear or Few Clouds,Light breeze (4-7 mph) wind felt on face,Slight effect on count,FALSE,TRUE
HAFE,NA,HAFE-0184,Grassland,2018,7/18/2018,12/30/1899,12/30/1899,Elizabeth Oswald,3,0-2.5 min,Singing,50 - 100 Meters,FALSE,Male,Song Sparrow,Melospiza melodia,179492,85643,SOSP,FALSE,FALSE,19.79999924,81.59999847,Clear or Few Clouds,Light breeze (4-7 mph) wind felt on face,Slight effect on count,FALSE,TRUE
HAFE,NA,HAFE-0184,Grassland,2018,7/18/2018,12/30/1899,12/30/1899,Elizabeth Oswald,3,2.5 - 5 min,Singing,50 - 100 Meters,FALSE,Male,Indigo Bunting,Passerina cyanea,179150,94257,INBU,FALSE,TRUE,19.79999924,81.59999847,Clear or Few Clouds,Light breeze (4-7 mph) wind felt on face,Slight effect on count,FALSE,TRUE
HAFE,NA,HAFE-0184,Grassland,2018,7/18/2018,12/30/1899,12/30/1899,Elizabeth Oswald,3,2.5 - 5 min,Calling,<= 50 Meters,FALSE,Undetermined,Northern Mockingbird,Mimus polyglottos,178620,88394,NOMO,FALSE,FALSE,19.79999924,81.59999847,Clear or Few Clouds,Light breeze (4-7 mph) wind felt on face,Slight effect on count,FALSE,FALSE
HAFE,NA,HAFE-0184,Grassland,2018,7/18/2018,12/30/1899,12/30/1899,Elizabeth Oswald,3,5 - 7.5 min,Visualization,<= 50 Meters,FALSE,Undetermined,Northern Mockingbird,Mimus polyglottos,178620,88394,NOMO,FALSE,FALSE,19.79999924,81.59999847,Clear or Few Clouds,Light breeze (4-7 mph) wind felt on face,Slight effect on count,FALSE,FALSE
HAFE,NA,HAFE-0184,Grassland,2018,7/18/2018,12/30/1899,12/30/1899,Elizabeth Oswald,3,7.5 - 10 min,Singing,50 - 100 Meters,FALSE,Male,House Finch,Haemorhous mexicanus,,926917,HOFI,FALSE,FALSE,19.79999924,81.59999847,Clear or Few Clouds,Light breeze (4-7 mph) wind felt on face,Slight effect on count,FALSE,FALSE
HAFE,NA,HAFE-0184,Grassland,2018,7/18/2018,12/30/1899,12/30/1899,Elizabeth Oswald,3,7.5 - 10 min,Singing,50 - 100 Meters,FALSE,Male,Field Sparrow,Spizella pusilla,179443,84790,FISP,FALSE,TRUE,19.79999924,81.59999847,Clear or Few Clouds,Light breeze (4-7 mph) wind felt on face,Slight effect on count,FALSE,FALSE
HAFE,NA,HAFE-0184,Grassland,2018,7/18/2018,12/30/1899,12/30/1899,Elizabeth Oswald,3,0-2.5 min,Singing,50 - 100 Meters,FALSE,Male,Chipping Sparrow,Spizella passerina,179435,84781,CHSP,FALSE,FALSE,19.79999924,81.59999847,Clear or Few Clouds,Light breeze (4-7 mph) wind felt on face,Slight effect on count,FALSE,TRUE
HAFE,NA,HAFE-0124,Grassland,2018,7/18/2018,12/30/1899,12/30/1899,Elizabeth Oswald,3,0-2.5 min,Calling,50 - 100 Meters,FALSE,Undetermined,American Crow,Corvus brachyrhynchos,179731,87106,AMCR,FALSE,FALSE,20.79999924,74.09999847,Clear or Few Clouds,Light breeze (4-7 mph) wind felt on face,Moderate effect on count,FALSE,TRUE
HAFE,NA,HAFE-0124,Grassland,2018,7/18/2018,12/30/1899,12/30/1899,Elizabeth Oswald,3,7.5 - 10 min,Singing,<= 50 Meters,FALSE,Undetermined,House Wren,Troglodytes aedon,178541,88306,HOWR,FALSE,FALSE,20.79999924,74.09999847,Clear or Few Clouds,Light breeze (4-7 mph) wind felt on face,Moderate effect on count,FALSE,FALSE
HAFE,NA,HAFE-0124,Grassland,2018,7/18/2018,12/30/1899,12/30/1899,Elizabeth Oswald,3,5 - 7.5 min,Visualization,,TRUE,Undetermined,American Goldfinch,Carduelis tristis,179236,95286,AMGO,FALSE,FALSE,20.79999924,74.09999847,Clear or Few Clouds,Light breeze (4-7 mph) wind felt on face,Moderate effect on count,FALSE,FALSE
HAFE,NA,HAFE-0124,Grassland,2018,7/18/2018,12/30/1899,12/30/1899,Elizabeth Oswald,3,5 - 7.5 min,Visualization,,TRUE,Undetermined,Unidentified Crow,Corvus,179724,87098,UNCR,FALSE,FALSE,20.79999924,74.09999847,Clear or Few Clouds,Light breeze (4-7 mph) wind felt on face,Moderate effect on count,FALSE,FALSE
HAFE,NA,HAFE-0124,Grassland,2018,7/18/2018,12/30/1899,12/30/1899,Elizabeth Oswald,3,0-2.5 min,Singing,50 - 100 Meters,FALSE,Male,Indigo Bunting,Passerina cyanea,179150,94257,INBU,FALSE,TRUE,20.79999924,74.09999847,Clear or Few Clouds,Light breeze (4-7 mph) wind felt on face,Moderate effect on count,FALSE,TRUE
HAFE,NA,HAFE-0124,Grassland,2018,7/18/2018,12/30/1899,12/30/1899,Elizabeth Oswald,3,0-2.5 min,Calling,50 - 100 Meters,FALSE,Undetermined,Red-winged Blackbird,Agelaius phoeniceus,179045,93613,RWBL,FALSE,FALSE,20.79999924,74.09999847,Clear or Few Clouds,Light breeze (4-7 mph) wind felt on face,Moderate effect on count,FALSE,TRUE
HAFE,NA,HAFE-0067,Grassland,2018,7/18/2018,12/30/1899,12/30/1899,Brian Swimelar,3,0-2.5 min,Singing,50 - 100 Meters,FALSE,Male,Red-winged Blackbird,Agelaius phoeniceus,179045,93613,RWBL,FALSE,FALSE,27.20000076,55.70000076,Clear or Few Clouds,Light air movement (1-3 mph) smoke drifts,Slight effect on count,FALSE,TRUE
HAFE,NA,HAFE-0067,Grassland,2018,7/18/2018,12/30/1899,12/30/1899,Brian Swimelar,3,5 - 7.5 min,Singing,50 - 100 Meters,FALSE,Male,Song Sparrow,Melospiza melodia,179492,85643,SOSP,FALSE,FALSE,27.20000076,55.70000076,Clear or Few Clouds,Light air movement (1-3 mph) smoke drifts,Slight effect on count,FALSE,FALSE
HAFE,NA,HAFE-0067,Grassland,2018,7/18/2018,12/30/1899,12/30/1899,Brian Swimelar,3,0-2.5 min,Singing,50 - 100 Meters,FALSE,Undetermined,Northern Cardinal,Cardinalis cardinalis,179124,94228,NOCA,FALSE,FALSE,27.20000076,55.70000076,Clear or Few Clouds,Light air movement (1-3 mph) smoke drifts,Slight effect on count,FALSE,TRUE
HAFE,NA,HAFE-0067,Grassland,2018,7/18/2018,12/30/1899,12/30/1899,Brian Swimelar,3,0-2.5 min,Singing,50 - 100 Meters,FALSE,Male,Grasshopper Sparrow,Ammodramus savannarum,179333,83867,GRSP,FALSE,FALSE,27.20000076,55.70000076,Clear or Few Clouds,Light air movement (1-3 mph) smoke drifts,Slight effect on count,FALSE,TRUE
HAFE,NA,HAFE-0067,Grassland,2018,7/18/2018,12/30/1899,12/30/1899,Brian Swimelar,3,2.5 - 5 min,Singing,50 - 100 Meters,FALSE,Male,Song Sparrow,Melospiza melodia,179492,85643,SOSP,FALSE,FALSE,27.20000076,55.70000076,Clear or Few Clouds,Light air movement (1-3 mph) smoke drifts,Slight effect on count,FALSE,FALSE
HAFE,NA,HAFE-0067,Grassland,2018,7/18/2018,12/30/1899,12/30/1899,Brian Swimelar,3,7.5 - 10 min,Calling,50 - 100 Meters,FALSE,Undetermined,White-breasted Nuthatch,Sitta carolinensis,178775,90935,WBNU,FALSE,FALSE,27.20000076,55.70000076,Clear or Few Clouds,Light air movement (1-3 mph) smoke drifts,Slight effect on count,FALSE,FALSE
HAFE,NA,HAFE-0067,Grassland,2018,7/18/2018,12/30/1899,12/30/1899,Brian Swimelar,3,7.5 - 10 min,Singing,50 - 100 Meters,FALSE,Male,Field Sparrow,Spizella pusilla,179443,84790,FISP,FALSE,TRUE,27.20000076,55.70000076,Clear or Few Clouds,Light air movement (1-3 mph) smoke drifts,Slight effect on count,FALSE,FALSE
HAFE,NA,HAFE-0067,Grassland,2018,7/18/2018,12/30/1899,12/30/1899,Brian Swimelar,3,7.5 - 10 min,Calling,50 - 100 Meters,FALSE,Undetermined,American Crow,Corvus brachyrhynchos,179731,87106,AMCR,FALSE,FALSE,27.20000076,55.70000076,Clear or Few Clouds,Light air movement (1-3 mph) smoke drifts,Slight effect on count,FALSE,FALSE
HAFE,NA,HAFE-0067,Grassland,2018,7/18/2018,12/30/1899,12/30/1899,Brian Swimelar,3,5 - 7.5 min,Singing,50 - 100 Meters,FALSE,Male,Field Sparrow,Spizella pusilla,179443,84790,FISP,FALSE,TRUE,27.20000076,55.70000076,Clear or Few Clouds,Light air movement (1-3 mph) smoke drifts,Slight effect on count,FALSE,FALSE
HAFE,NA,HAFE-0067,Grassland,2018,7/18/2018,12/30/1899,12/30/1899,Brian Swimelar,3,0-2.5 min,Visualization,,TRUE,Female,Brown-headed Cowbird,Molothrus ater,179112,94215,BHCO,FALSE,FALSE,27.20000076,55.70000076,Clear or Few Clouds,Light air movement (1-3 mph) smoke drifts,Slight effect on count,FALSE,TRUE
HAFE,NA,HAFE-0067,Grassland,2018,7/18/2018,12/30/1899,12/30/1899,Brian Swimelar,3,5 - 7.5 min,Singing,50 - 100 Meters,FALSE,Male,Grasshopper Sparrow,Ammodramus savannarum,179333,83867,GRSP,FALSE,FALSE,27.20000076,55.70000076,Clear or Few Clouds,Light air movement (1-3 mph) smoke drifts,Slight effect on count,FALSE,FALSE
HAFE,NA,HAFE-0067,Grassland,2018,7/18/2018,12/30/1899,12/30/1899,Brian Swimelar,3,0-2.5 min,Singing,50 - 100 Meters,FALSE,Male,Field Sparrow,Spizella pusilla,179443,84790,FISP,FALSE,TRUE,27.20000076,55.70000076,Clear or Few Clouds,Light air movement (1-3 mph) smoke drifts,Slight effect on count,FALSE,TRUE
HAFE,NA,HAFE-0067,Grassland,2018,7/18/2018,12/30/1899,12/30/1899,Brian Swimelar,3,0-2.5 min,Visualization,,TRUE,Female,Brown-headed Cowbird,Molothrus ater,179112,94215,BHCO,FALSE,FALSE,27.20000076,55.70000076,Clear or Few Clouds,Light air movement (1-3 mph) smoke drifts,Slight effect on count,FALSE,TRUE
HAFE,NA,HAFE-0067,Grassland,2018,7/18/2018,12/30/1899,12/30/1899,Brian Swimelar,3,0-2.5 min,Visualization,,TRUE,Male,Brown-headed Cowbird,Molothrus ater,179112,94215,BHCO,FALSE,FALSE,27.20000076,55.70000076,Clear or Few Clouds,Light air movement (1-3 mph) smoke drifts,Slight effect on count,FALSE,TRUE
HAFE,NA,HAFE-0067,Grassland,2018,7/18/2018,12/30/1899,12/30/1899,Brian Swimelar,3,0-2.5 min,Visualization,,TRUE,Male,Brown-headed Cowbird,Molothrus ater,179112,94215,BHCO,FALSE,FALSE,27.20000076,55.70000076,Clear or Few Clouds,Light air movement (1-3 mph) smoke drifts,Slight effect on count,FALSE,TRUE
HAFE,NA,HAFE-0067,Grassland,2018,7/18/2018,12/30/1899,12/30/1899,Brian Swimelar,3,0-2.5 min,Singing,50 - 100 Meters,FALSE,Male,Grasshopper Sparrow,Ammodramus savannarum,179333,83867,GRSP,FALSE,FALSE,27.20000076,55.70000076,Clear or Few Clouds,Light air movement (1-3 mph) smoke drifts,Slight effect on count,FALSE,TRUE